{
  "combined_threshold": 0.65,
  "f1": 0.8942598187311178,
  "precision": 0.9367088607594937,
  "recall": 0.8554913294797688
}