{
  "logistic_regression": 0.9843400447427293,
  "naive_bayes": 0.5307606263982103
}